_id,created_date,score,combined_text,mentioned_players,mentioned_players_count,sentiment_result
6605c7cec120fd154e58655f,2024-03-28,0,"McDavid's case for the Hart trophy
First off, I'm fully aware of the predictable ""he never won it' bias that will populate the vote for the Hart, especially in the Colorado and Quebec media, the latter one looming large in the vote (Nate played in the Q). This is why I think it's time to start stating the case for McDavid as I believe, with plenty of arguments to support it, that McDavid should be the frontrunner IMHO. If you agree, please share this far and wide.



In order of importance 

1. The Oilers turnaround 

We are all familiar with the story. Despite McDavid and Draisaitl respectively getting 8 and 9 points in the first five games, the team was in complete disarray, bad defensive coverage, inefficient breakouts, getting otfen hemmed in the defensive zone. Nothing seemed to work other than the two juggernauts. After that, McDavid misses two games, two regulation losses, then comes back too quickly, following up with 2 points in 6 games until Woodcroft gets fired and Knoblauch gets hired. The team is 3-9-1 at that point. Knoblauch wins his two first games, loses the next three and McDavid has 6 points in 5 games. The team is 5-12-1 at that point, with McDavid getting a concerning and irregular 16 points in 16 games. 

Then the turnaround happens. 8 wins in a row, then 3 losses, then the great sequence of 16 wins. Since the 16 wins, they've leveled off a bit, playing around .650, with a 14-8-3 record. 

In total, they've been 38-11-3 in the last 52 games, topping the league with 79 points in that sequence (a 125/82 pace), a +27 win differential. 2nd closest was Carolina with 75 in 55, a +20 win differential. To put that into perspective, a team needs +18 in 82 games to get to 100 points. 

In that span, Edmonton led the league in GF/G, was 4th in GA/G, but most importantly, they've had the best +/- differential per game. 

A look at individual results on the team in that span is very revealing: 

McDavid
52gp 20g 83a 103pts
+38 74 primary points 70 ESP 

Draisaitl
52gp 32g 38a 70pts
+26 53 PRP 43 ESP 

Bouchard
52gp 11g 43a 54pts
+34 25 PRP 30 ESP 

Hyman
51gp 41g 12a 53pts
+32 49 PRP 39 ESP 

Nugent-Hopkins
52gp 14g 33a 47pts
+11 32 PRP 26 ESP 

Outscoring Draisaitl by 33 points in 52 games is one thing, but getting as many even-strenght points than Draisaitl had in total points is even more incredible. 

This alone IMO, that sequence since November 24th, makes McDavid the frontrunner. The Hart is supposed to be exactly about this type of accomplishment, literally carrying a team. McDavid participated in 52.3% of Edmonton's goals scored in those 52 games. Unfortunately, this kind of context is foreign to many who rather just look at raw totals, which brings me to number 2 on the list.



2. 50 primary assists in 49 games 

Before I go into this, I have to say I'm still in complete disbelief nobody caught this. Neither the NHL, Edmonton sports media or any other affiliated media has talked about this. No one seemed to notice and yet it's a very rare accomplishment. Primary assists can often be more important than the goal itself. I consider this feat just as amazing as 50/50 goals and its rarity proves that. 

Most would state McDavid's quite probable incoming 100 assists as the second reason, but this feat IMO should overshadow it. From the day the Oilers turnaround started on November 24th, up to last week, on March 21st, Connor had 50 primary assists in 49 games. A 50/50 for primary assists had happened only 11 times before, by only two players. Wayne & Mario. 99 had 9, while 66 did it twice. Last time was Mario Le Magnifique in 1991-1992, more than 30 years ago. The Great One's record for best 50/50 stands at 52 primary assists in 29 games, which he did from December 11th 1985 to Valentine's day in 1986. Mario did it in 47 and 48 games respectively. The closest after Wayne, Mario and now Connor, was Elmer Lach in the famous WW2 league-depleted season of 1944-1945 where his linemate, the Rocket, had the very first 50 goals in 50 games. That season, Lach had 47 primary assists in 50 games. Closest after that is Lafontaine with 44 in 50. After that, it dwindles out with only a few players going around 40 in 50.



3. 71 primary assists 

In the history of the league, only one player has ever had higher than 70 primary assists in a season. Who else than Wayne? In fact, he's the only player to actually finish higher than 1 primary assist per game for a complete season. His record stands at a whopping 112 primary assists. Two players stand at 70. Mario with 70 in 73 games and Joe Thornton with 70 in 81 games. 

Right now, Connor is at 58 on the season and considering he's had 27 of them in his last 22 games, it's feasible that he can end the season with 13 in 12 games, bringing him second only to Wayne.



4. 100++ assists. 

We're all more familiar with this one. Another select group. McDavid might even reach 110 when it's all said and done. He's more than likely to eclipse Bobby Orr and come close to Mario's best season at 114.



5. Back-to-back 60+ primary assists 

60 primary assists or more happened 27 times, by 14 players. Only one player had a back-to-back. In fact, Gretzky had a whopping 11 in a row and an equal 11 in career total. McDavid needs only 2 primary assists in the last 12 games to become the second player to do it. He will also tie Denis Savard with two total. Mario is second to Wayne with 3 seasons of 60+ primary assists.



6. 90 to 95 Even-strenght points 

Johnny Gaudreau had quite a season a few years back, notching 90 even-strenght points. It was the highest finish since Jagr had 95 in 1995-1996. Second to Gaudreau since Jagr is McDavid last year with 84. Right now, Mack has 80, Kuch 79 and McDavid has 78, but the latter had 70 of those 78 in the last 52 games. Out of the three, McDavid is the most likely to pass 90. He needs 17 in his last 12 to catch Jagr, just a notch over his average in the last 52 games.



7. Carrying Hyman 

Now, don't knee-jerk. Hyman's accomplishment is great no matter what, but let's get real here. There are maybe 2 other players in the league who 'might' push Hyman to 50 goals. It's hypothetical. Still, Connor assisted 33 of Hyman's 51 goals so far. 23 of them were primary assists. To contrast this, we often hear how Bobby Orr carried Bucyk to 51 goals by assisting 25 of them.



8. The Art Ross race 

IMO, it would be completely unfair to McDavid to punish him for playing injured early on. Compare McDavid's rates in the last 52 games to Mack and Kuch's entire seasons and a different picture emerges than the tight race we're witnessing right now. It explains why McDavid has made-up so much ground, despite both players having career seasons. 

Pts/Gp
McDavid 1.98
Kucherov 1.75
Mackinnon 1.71 

Primary Pts/Gp
McDavid 1.42
Kucherov 1.28
Mackinnon 1.19 

ESP/Gp
McDavid 1.35
Mackinnon 1.11
Kucherov 1.11 

P/Gp gap with 2nd best teammate
McDavid vs Draisaitl +0.63
Kucherov vs Point +0.61
Mackinnon vs Rantanen +0.36 

Also interesting to note, McDavid's average TOI is 21:29 in those 52 games, which is less than either Kuch or Mack, whether over the entire season or Connor's last 52 games, which means McDavid distanced them even more in terms of per60. 

McDavid's team leading +36 in the last 52 games and all those other stats is the main reason why the Oilers have dominated the league in that span. To me, it's simply a much bigger story than whatever people want to cook-up for Mack or Kuch, but naturally, people will gloss over season totals and proclaim voter fatigue.",Johnny Gaudreau,1,0.5
6605c7d07bcaf9812bb4a654,2024-03-27,1876,"Sidney Crosby only made the NHL because his parents could afford Shattock's tuition
My parents could only afford to send me to public school, while Sidney Crosby's could afford to pay almost $40,000 + training and equipment costs to send both of their children to a private high school at Shattock St Mary. It's so unfair that Sid's parents are the only reason he made it to the NHL and I didn't. Thats the real story",Sidney Crosby,1,-0.6
6605c7d07bcaf9812bb4a666,2024-03-27,51,"As requested by my Oilers fans, Here‚Äôs my latest watercolour sketch of Zach Hyman‚Äôs 50th goal celebration with Drai. Hope you like it.  Thanks for all the support  Go Oilers   üé®
",Zach Hyman,1,1
6605c7d2193c784b94e387e9,2024-03-27,0,"Really obscure stat
Logan Stanley played for the Jets tonight (and had a fight with Corey Perry). But he has been a healthy scratch 55 times this year. Could that be the record? He's had zero injuries all year.",Logan Stanley,1,0.1
6605c7d2246827bb414386ae,2024-03-27,549,"Jack Hughes buries the Leafs
",Jack Hughes,1,1
6605c7d31ee4e9142a3782af,2024-03-27,178,"Sidney Crosby has 7 points in the last 2 games, he‚Äôs 5 points away from 82, which will tie him for most consecutive point per game seasons at 19 with Wayne Gretzky
",Sidney Crosby,1,1
6605c7d3c85674b7741209b7,2024-03-27,0,"Historic article about Zach Hyman‚Äôs father
Lots of talk today about Hyman‚Äôs father, I did some searching and found this old article if anyone‚Äôs interested 

https://www.thestar.com/sports/hockey/hyman-hands-over-his-empire/article_28a0edaf-0638-5257-92c4-ce1d02b888f5.html",Zach Hyman,1,0
6605c7d4c120fd154e58690a,2024-03-26,232,"Matt Rempe blows tire
",Matt Rempe,1,-0.2
6605c7d51ede284eeabd54ec,2024-03-26,1268,"Zach Hyman is the first Jewish hockey player to score 50 goals in a regular season #oilers
",Zach Hyman,1,1
6605c7d6c85674b774120b23,2024-03-26,12,"Polite linesman Jonny Murray shouts thanks to Cole Caufield for avoiding the offside call
",Cole Caufield,1,0.6
6605c7d6c120fd154e586a17,2024-03-26,79,"Steven Stamkos
",Steven Stamkos,1,0
6605c7dc7bcaf9812bb4ae65,2024-03-26,526,"Blues‚Äô Captain Brayden Schenn and Vegas‚Äô Brayden McNabb drop em in the first
Battle of the Braydens",Brayden Schenn,1,0
6605c7e0193c784b94e3949f,2024-02-25,7670,"After years of cheap shots, Nick Cousins finally gets punched
",Nick Cousins,1,-0.6
6605c7e0246827bb4143966b,2024-02-21,6548,"Quinton Byfield scores an absolutely UNREAL goal.
",Quinton Byfield,1,1
6605c7e11ede284eeabd5e4c,2023-01-02,6213,"Following a hat trick in a 9-2 win over the Habs, Alex Ovechkin posed for a picture with his opponent‚Äôs moms.
Credit to ‚ÄòHabs Fan TV‚Äô on Twitter.",Alex Ovechkin,1,1
6605c7e67bcaf9812bb4b552,2023-12-10,3858,"Dylan Larkin collapses after head contact
",Dylan Larkin,1,-1
6605c7e7193c784b94e3998f,2023-05-25,3663,"Sam Bennett hit of the year
",Sam Bennett,1,0.5
6605c7e81ede284eeabd638f,2024-02-23,3400,"Coyotes terminate Adam Ruzicka after he posts cocaine video on instagram
",Adam Ruzicka,1,-1
6605c83e1ede284eeabdc90c,2024-03-25,2,"Quinn Hughes looking at Makar in the rearview mirror for the Norris Race like üò± (Cale also 5 more goals)
",Quinn Hughes,1,0.2
6605c840c85674b774128348,2024-03-25,0,"Evan Bouchard vs Morgan rielly
Hwho‚Äôs the better player at this very moment? Does Bouchard have a higher ceiling? Would love to see some stats if possible both offensively and defensively. Long term who do u take 

Cheers boys",Evan Bouchard,1,0
6605c8417bcaf9812bb51af0,2024-03-24,0,"Claude Giroux Flyers Jersey???
Looking to find a Claude Giroux Flyers jersey (preferably home orange or reverse retro 2021)... has anyone gotten one off DHGate? how was the quality? unfortunately can't get one off nhl since he's still active can't put it in the custom name. miss my favorite player G in orange and black. figured I'd post this here since y'all know your stuff when it comes to sweaters",Claude Giroux,1,0.8
6605c8427bcaf9812bb51c90,2024-03-24,151,"Who is the greatest pure goal scorer to ever play?
Ovi- he has a career 0.60 goals per game. He added 2 more today to bring him to 848. He also lost 2 seasons worth of games due to lockouts and COVID. If not for that, he probably lost close to 100 goals. 

Bossy- amongst players with at least 200 goals, Bossy is the all time leader at goals per game with 0.76. Unfortunately, his career got cut short abruptly with his back. His last year was the only year he didn‚Äôt score at least 50 goals and he still scored 38 that year.

Lemieux- Mario is second at goals per game at 0.75 and that‚Äôs only because of his second run. At the conclusion of ‚Äò97, he was at 0.82. He lost a lot of time because of injury and illness. A healthy Lemieux is probably pushing 1000 goals.

Gretzky- he‚Äôs at 0.60 like Ovechkin. Wayne‚Äôs goal scoring pace dipped once he got to LA but his scoring in Edmonton was unreal.


Another to watch for is Auston Matthews. He‚Äôs at 0.65 right now. We‚Äôll see how his career pans. Hopefully he‚Äôs blessed with longevity.",Auston Matthews,1,0.7
6605c8431ede284eeabdd9ed,2024-03-24,0,"Matt Rempe should win the Calder
Okay, admittedly this is a little bit a shitpost, but Rempe has brought back the best era of NHL hockey, he has made watching the Rangers bearable again, and is single-handedly bringing back the enforcer in Hockey.  I feel like this man might single-handedly bring the NHL mainstream again (admit it already, NHL being discussed on Sports Center? Fugget About it). More fighting just generally makes the league and game fun again. Mark my words, Rempe and Reavo are going to save this fucking sport",Matt Rempe,1,0.8
6605c8451ede284eeabddb7b,2024-03-23,23,"As requested by my Oilers fans, Heres my latest watercolour sketch of Connor Mcdavid‚Äôs amazing goal vs the leafs. Hope you like it üôèüòäWhats his best goal? Comment ‚¨áÔ∏è                                 üé®@ MikeNguyenArt          #letsgooilers
",Connor Mcdavid,1,1
6605c8467bcaf9812bb51f92,2024-03-23,0,"Pontus Holmberg is a baller! Pun Intended
",Pontus Holmberg,1,1
6605c848246827bb4143f59f,2024-03-23,49,"Pittsburgh Penguins
69 games into the season they have 69 points on the year and Sidney Crosby has 69 points this season",Sidney Crosby,1,0.5
6605c8487bcaf9812bb522a0,2024-03-22,0,"6 game suspension for Tom Wilson, not enough..
He sucks as a player and a person. Ban him for life",Tom Wilson,1,-1
6605c84b1ee4e9142a37eab4,2024-03-22,3,"Connor Mcdavid surpasses Henrik Zetterberg for 107th on the all time points list.
Atta boy Connor",Connor Mcdavid,1,1
6605c84bc85674b774129112,2024-03-22,404,"Nikita Kucherov has 15 points in his last four games.
‚ùóÔ∏èText and picture is from NHL (X)",Nikita Kucherov,1,1
6605c84cc120fd154e58d899,2024-03-22,6,"Jordan Martinook all-time leading goal scorer
&#x200B;

https://preview.redd.it/yfx416ey9spc1.png?width=1911&format=png&auto=webp&s=bae8f05e0f7132cc782e4d87647f6186d716f309",Jordan Martinook,1,1
6605c84fc85674b774129892,2024-03-21,0,"Sidney Crosby/Lebron James
I ask this question as a casual hockey fan from Cleveland. But I have to compare these two:

During Lebron James‚Äô stay here, all we ever heard was when Lebron planned on leaving Cleveland for a more glamorous market. Obviously, it happened twice, the second time, not as bad as the first. On the flip side, why wasn‚Äôt there ever much national debate about if/when Crosby was going to leave Pittsburgh? The two cities are relatively similar in size and are not Chicago, New York, Miami, LA esque hotbeds for nightlife and exposure. I‚Äôve just been baffled by how the greatest basketball player of his era was constantly getting berated with that question, and the greatest hockey player of his era either seldom was or never was pressured to go somewhere more glamorous than Pittsburgh. If you think about it, they‚Äôve been in their professional leagues for close to the same amount of time. Just never seemed to me like Crosby was pressured out of Pittsburgh in the same sense Lebron was for Cleveland.",Sidney Crosby,1,0.2
6605c850cdb95ba420359534,2024-03-21,1925,"Tom Wilson with the mother of all high sticks. Repeat offender. Suspension on the way?
",Tom Wilson,1,-0.7
6605c8541ee4e9142a37f9ad,2024-03-19,0,"Top 10 All-Time
This ought to be fun. Goalies are omitted because that‚Äôs an impossible comparison. Tear me up, you know the drill:

1. Wayne Gretzky
2. Mario Lemieux
3. Nick Lidstr√∂m
4. Mike Bossy
5. Bobby Orr
6. Gordie Howe
7. Jaromir Jagr
8. Sidney Crosby
9. Jean Beliveau 
10. Alexander Ovechkin

HM in no order:

Mcdavid and Makar once they retire
Mark Messier
Bobby Hull
Peter Stasny
Maurice Richard
Phil Esposito
Ray Bourque

I could go on but i‚Äôll spare my breath. 

Some notes:
 there‚Äôs absolutely some recency bias in here, which I think is fair. The game is growing and improving, and players are constantly getting more skilled. That‚Äôs not to say all history should be overlooked though. 

it‚Äôs hard to balance elite ppg with truncated careers, especially among different eras. looking at Bossy and Orr (not so much Lemieux), it‚Äôs hard for me to place them.

Ovechkin feels like a stretch to me, but it‚Äôs hard to have a top 10 without the leading goal scorer of all time on it (yes, i‚Äôm assuming things).   

edit - upon talking to people, i‚Äôve put crosby above jagr and orr above bossy",Sidney Crosby,1,0.5
6605c8541ee4e9142a37f9d4,2024-03-19,0,"Brady Tkachuk Pots OT Winner To Complete Hat Trick
https://iceinsiders.com/2024/03/19/islanders-drop-third-straight-lose-4-3-to-senators-brady-tkachuk-pots-ot-winner-to-complete-hat-trick/",Brady Tkachuk,1,1
6605c8541ede284eeabdeb55,2024-03-19,6,"Where does Victor Hedman rank in terms of all-time greatness?
His legacy ultimately could‚Äôve been a lot greater than it is, so I think he‚Äôll fly under the radar a bit. 

2 cups, 1 conn smythe, 1 norris

albeit he had 6 consecutive norris nominations and is exactly the build and play style you would want to model a well rounded NHL defenseman after. 

where would you place him all time? i feel like top 25 is good placement, which could‚Äôve been as high as top 10 had he won a few more norris trophies. thoughts?

side note - kind of wild the legacy cale makar has put together at 25‚Ä¶ how legitimate of a chance are we watching the GOAT defenseman?",Victor Hedman,1,0.3
6605c8557bcaf9812bb52f56,2024-03-19,430,"Dmitry Kulikov has been suspended for two games
",Dmitry Kulikov,1,-0.6
6605c85c7bcaf9812bb53652,2024-03-17,3,"Brayden Point deck and goal
https://youtube.com/shorts/5qjbkTnxpuM?si=ExmJfH32vUKLexbO",Brayden Point,1,0
6605c85f246827bb41440fc5,2024-03-16,10,"T.J. Oshie to Play in His 1,000th Career NHL Game Tonight Against Vancouver
",T.J. Oshie,1,0.5
6605c8601ede284eeabdf3d1,2024-03-16,0,"GOAT Debate /// ***Spoiler Alert*** It's not Wayne and won't be McDavid
Can we all agree that Sidney Crosby is the greatest hockey player of all time? I think if we accept realistic facts instead of harboring these notions that they each did what they did when they did it, we can all agree that obviously we are in the most competitive era of hockey. Skills are higher, players are bigger, pressure is greater, money is more. Everything about the game has surpassed beyond crediting guys like Orr, Gretzky, Lemuix, Hull, Howe.....etc....other than giving them the credit that they were the greatest of the pioneers for the game. Yes, Wayne is the 'nostalgic GOAT' but what Sid has done since Day 1 in this era should make him the clear vote for greatest. Scoring is harder, plays are more complex, lanes are smaller. Everything about the game has inflated, why are we hanging on to a legacy set in a generation prior.

I will also say that I don't think even McDavid will surpass Crosby. Sadly, even as a die-hard Oilers fan, I think that having gone this long without winning 1 or more SC's has prevented him from ever surpassing Sid, unless he wins 4-5 cups from now forward.

Everything fell in to it's perfect spot for Sidney. The timing was perfect for everything he accomplished and he was fortunate to be able to not only play in the Olympics but also win a Gold but also GET THE GAME WINNING GOLD MEDAL GOAL.

I know McDavid is on another level, but I still feel that on a general scale Sidney Crosby is the greatest to every play the game.

&#x200B;

EDIT: ....lol",Sidney Crosby,1,1
6605c8627bcaf9812bb53a70,2024-03-15,0,"About All of Auston's Goals
Auston Matthews is probably one of the best goal scorers ever. He also scores more against worse teams than his peers do per the table below. Does this explain his drop in goal production in the playoffs when most weak goalies disappear?  

&#x200B;

https://preview.redd.it/8lq9jxitnkoc1.png?width=489&format=png&auto=webp&s=2c62173f83ef4604a30c2f77c56833a62fda8efc

A [quick write up on Matthews goal scoring profile.](https://open.substack.com/pub/timetimetime/p/about-all-of-austons-goals?r=gpwnp&utm_campaign=post&utm_medium=web&showWelcomeOnShare=true)",Auston Matthews,1,0.6
6605c862cdb95ba42035a506,2024-03-15,70,"Happy birthday to Brendan Lemieux, the son of 4x Stanley Cup champion Claude Lemieux!
",Brendan Lemieux,1,1
6605c863246827bb41441214,2024-03-15,4,"How is Matt Grzelcyk's name pronounced in Polish?
",Matt Grzelcyk,1,0
6605c8661ee4e9142a380c08,2024-03-15,349,"Evgeny Kuznetsov is a Carolina Hurricane ü¶Ö
",Evgeny Kuznetsov,1,0
6605c86fcdb95ba42035b058,2024-03-13,24,"Jordan Eberle will play his 1000th NHL game tonight against the Vegas Golden Knights
What are some of his best moments around the league?",Jordan Eberle,1,0.8
6605c86fcdb95ba42035b0b4,2024-03-12,0,"Matt Rempe is‚Ä¶
Matt Rempe is an embarrassment to the world‚Äôs greatest game.   He needs to clean up his clown show.",Matt Rempe,1,-1
6605c870c120fd154e58f3d8,2024-03-12,374,"Matt Rempe currently averages 57 PIMS per 60 minutes
",Matt Rempe,1,0
6605c8721ee4e9142a3814c4,2024-03-12,147,"Kevin Hayes points up to brother Jimmy in the sky after scoring a goal in their hometown of Boston.
",Kevin Hayes,1,1
6605c8737bcaf9812bb5459f,2024-03-11,281,"What are some of the best ‚Äòdraft passes‚Äô in NHL history?
I got thinking earlier about the 2013 draft. Despite the fact that Seth Jones was the consensus #1 overall pick all year the Aves wisely chose to pass on him for MacKinnon instead and in hindsight that has to be viewed as one of the smartest draft decisions in NHL history. Jones never lived up to the hype and MacKinnon is a generational talent that has already got a ring for the Aves. 

What are some other cases where passing on the consensus #1 player ended up being the right decision?",Seth Jones,1,-0.6
6605c8731ede284eeabe01ac,2024-03-11,30,"Aaron Ekblad‚Äôs Injury Update: Panthers‚Äô Defenseman Sidelined for Two Weeks
https://rinkrundown.wordpress.com/2024/03/11/aaron-ekblads-injury-update-panthers-defenseman-sidelined-for-two-weeks/",Aaron Ekblad,1,-0.6
6605c877c120fd154e5901c8,2024-03-10,5,"Winning the lottery with another team's pick?
There's obviously a new rule in place stating that a team can only win the lottery twice in five years, but does it count if a win happens with another team's first round pick? Ex: Sharks win the lottery this year, and the Golden Knights are a disaster next season and their pick (which goes to the Sharks as part of the Tomas Hertl trade) wins the lottery. Can the Sharks win the lottery with their own pick in 2026?",Tomas Hertl,1,0
6605c878246827bb414426ef,2024-03-10,174,"Max Domi shows off the wheels and scores against his former team
",Max Domi,1,1
6605c87d193c784b94e44574,2024-03-08,527,"TRADE: Tomas Hertl to Vegas
",Tomas Hertl,1,0
6605c87dcdb95ba42035bda1,2024-03-08,24,"TRADE: Jack Roslovic to NYR
",Jack Roslovic,1,0
6605c87ec120fd154e5906b4,2024-03-08,22,"TRADE: Matt Dumba to Lightning
",Matt Dumba,1,0
6605c87e7bcaf9812bb54cc8,2024-03-08,15,"Andrew Peeke has been traded from the Columbus Blue Jackets to the Boston Bruins in exchange for Jakub Zboril.
",Andrew Peeke,1,0
6605c87ec120fd154e5906e5,2024-03-08,8,"Erik Johnson has been traded from the Buffalo Sabres to the Philadelphia Flyers
",Erik Johnson,1,0
6605c87ecdb95ba42035be17,2024-03-08,20,"TRADE: Jason Zucker to Nashville
Return TBD",Jason Zucker,1,0
6605c87e1ede284eeabe08da,2024-03-08,19,"Toronto‚Äôs Jake McCabe has been fined $5,000 for cross-checking Boston‚Äôs Brad Marchand. Who wants to start the gofundme to help him for doing the Lord's work?
",Brad Marchand,1,-0.6
6605c87f7bcaf9812bb54dd0,2024-03-08,88,"TRADE: Tyler Toffoli traded to Winnipeg
Return TBA",Tyler Toffoli,1,0
6605c87fcdb95ba42035be7e,2024-03-08,14,"Wayne Gretzky‚Äôs comments on Cale Makar
",Cale Makar,1,0
6605c881c85674b77412c154,2024-03-08,1,"100pts/100PIM in a season?
Has it ever been done? Alternatively (since the answer is probably yes), when was the last time, who has the most seasons of this, etc?



I was looking at stats and saw Brad Marchand had 100/96 in 2018-19, and figured 100/100 would be a fun milestone. Seems to indicate a solid mix of talent and scrappiness. This should be an easy lookup on stathead, but I'm poor.

  
Edit: who should this accomplishment be named after?",Brad Marchand,1,0.6
6605c8817bcaf9812bb55063,2024-03-08,1043,"Almost 2 years after being diagnosed with cancer Ivan Miroshnichenko scores his first NHL goal
Against the penguins",Ivan Miroshnichenko,1,0.8
6605c883c85674b77412c2b6,2024-03-07,254,"Jake Guentzel reportedly traded to Carolina. Michael Bunting is part of a package back to Pittsburgh.
",Michael Bunting,1,0
6605c8831ee4e9142a382085,2024-03-07,29,"Yakov Trenin traded to Colorado
",Yakov Trenin,1,0
6605c884cdb95ba42035c216,2024-03-07,8,"Brandon Duhaime reportedly traded to Colorado
Return TBD",Brandon Duhaime,1,0
6605c884246827bb41443117,2024-03-07,181,"Troy Stecher traded to Edmonton
More moves from Edmonton, return TBD",Troy Stecher,1,0
6605c884246827bb4144312c,2024-03-07,14,"Gustav Forsling has re-signed with the Florida Panthers to an eight-year extension.
",Gustav Forsling,1,1
6605c885193c784b94e44a52,2024-03-07,77,"Maple Leafs acquire defenseman Joel Edmundson
Return TBD",Joel Edmundson,1,0
6605c886c85674b77412c590,2024-03-07,544,"Claude Giroux‚Äôs final years completed wasted
",Claude Giroux,1,-1
6605c8871ee4e9142a382584,2024-03-07,53,"Auston Matthews with his 54th of the season. OT winner
",Auston Matthews,1,1
6605c8871ee4e9142a3825ee,2024-03-07,12,"[Awful Announcing] Sportsnet‚Äôs Elliotte Friedman started his NHL on TNT guest spot by breaking (sort of) the Noah Hanifin trade
",Noah Hanifin,1,0
6605c888c120fd154e591072,2024-03-06,402,"Noah Hanifin traded to Vegas
Return will be updated in the comments when it is announced",Noah Hanifin,1,0
6605c889cdb95ba42035c5de,2024-03-06,116,"Sean Walker traded to Colorado
",Sean Walker,1,0
6605c889193c784b94e44f0f,2024-03-06,499,"Yanni Gourde going for a swim
",Yanni Gourde,1,0
6605c8897bcaf9812bb55876,2024-03-06,919,"Vladimir Tarasenko traded to Florida
",Vladimir Tarasenko,1,0
6605c8891ee4e9142a3827d9,2024-03-06,0,"What are the tax (e.g. income) implications of Calgary, Dallas moves?
With Tanev moving from Calgary to Dallas and Joel Hanley getting claimed by Calgary off waivers, what does the tax situation look like for each player? Seems like a move from Dallas to Calgary would result in significantly less take-home pay (or significantly more in a move into Dallas) but do the players take the hit (or benefit) for the remainder of the season/the contract overall/any special provisions?",Joel Hanley,1,0
6605c8da246827bb4144b914,2024-03-05,3283,"Throwback: Zack Kassian absolutely ragdolls Matthew Tkachuk after taking multiple massive hits
",Matthew Tkachuk,1,-0.8
6605c8ddcdb95ba4203625e8,2024-03-05,42,"Evgeny Kuznetsov set to become AHL's highest paid player in league history
",Evgeny Kuznetsov,1,1
6605c8de246827bb4144c132,2024-03-05,81,"MacKinnon is now tied with Nikita Kucherov for the NHL points lead. His fourth point of the night. 5-0 Avs.
",Nikita Kucherov,1,0.2
6605c8e0246827bb4144c25b,2024-02-25,2926,"Matt Rempe fights again vs Mathieu Olivier
",Matt Rempe,1,0
6605c8ea246827bb4144d455,2023-06-13,3268,"Seth Jones catching strays
",Seth Jones,1,0
6605c8ebcdb95ba4203634c4,2016-01-07,3213,"Brad Marchand in his best fight ever
",Brad Marchand,1,0.5
6605c8ed1ee4e9142a389219,2023-12-08,3050,"Never tell him the odds. Welcome to NHL Marc Johnstone
",Marc Johnstone,1,1
6605c8edcdb95ba4203638fc,2023-02-07,3047,"Massive hit by Jacob Trouba
",Jacob Trouba,1,0.5
6605c8ee193c784b94e4aa83,2024-02-26,2961,"On this day, 14 years ago: Sidney Crosby scores the Golden Goal
",Sidney Crosby,1,1
6605c8ee1ee4e9142a389403,2023-09-29,2910,"Connor Bedard‚Äôs first shift
",Connor Bedard,1,0
6605c8f0c85674b774133797,2024-02-28,2800,"Nick Cousins fakes injury then jumps into pile
",Nick Cousins,1,-0.5
6605c8f1cdb95ba420363deb,2023-05-21,2739,"Matthew Tkachuk as soon as he scores in OT
",Matthew Tkachuk,1,0
6605c8f2c120fd154e596f8e,2024-03-01,2689,"Ryan Reaves just warming up for Rempe on Saturday.
",Ryan Reaves,1,0.1
6605c8f31ee4e9142a389a5f,2021-10-29,2646,"Fuck Jonathan Toews and Fuck Patrick Kane too.
The whole organization should just pack it in.",Patrick Kane,1,-1
6605c8f41ee4e9142a389d72,2023-03-26,2597,"Ryan Reaves hits the smelling salts a little too hard üòÇ
",Ryan Reaves,1,0.2
6605c8f4246827bb4144dd10,2022-04-16,2578,"Unbelievable goal by Alexis Lafreni√®re ü§Ø
",Alexis Lafreni√®re,1,1
6605c8fcc85674b77413443b,2021-05-04,2335,"Tom Wilson is a fucking disgrace
Tom Wilson continues to disrespect the game with his ridiculous behavior. Choking a player with his stick and punching him in the face while that player is flat on the ice is not ""playing hard"" or ""old-school hockey""... It's just an out of control ANIMAL who's eventually gonna seriously hurt someone.This fucking clown does not belong on NHL ice. It's time to get him and players like him out of the game. He's nothing but a bully and a goon.",Tom Wilson,1,-1
6605c8fc1ee4e9142a38a7b0,2021-03-22,2330,"I accidentally locked my cat in my office for an hour. Out of all the places for my cat to take a dump. He chooses my freshly arrived signed Brad Marchand picture.
",Brad Marchand,1,-0.8
6605c8fdc120fd154e597a12,2020-12-16,2297,"Great news Oskar Lindblom cancer free !
",Oskar Lindblom,1,1
6605c8fec120fd154e597a42,2024-01-07,2293,"Kevin Bieksa rips Nick Cousins
",Nick Cousins,1,-1
6605c8ff1ee4e9142a38aa63,2023-01-18,2249,"WOW! Ivan Provorov refused to participate in Flyers warmup tonight due to the Flyers wearing special jerseys for Pride Night, per Frank Seravelli
",Ivan Provorov,1,-0.7
6605c903cdb95ba420364dd0,2023-06-10,2156,"Connor Bedard coming in at 5‚Äô9 .75‚Äù in height.
",Connor Bedard,1,0
6605c9031ee4e9142a38ad5b,2023-04-08,2151,"Jason Robertson pancake art!ü§ñü•ûüèí
",Jason Robertson,1,0.8
6605c904cdb95ba420364f49,2024-01-19,2122,"Owen Tippett puts up a goal of
the year contender (Dallas Stars @ Philadelphia Flyers)
",Owen Tippett,1,1
6605c9051ee4e9142a38ae91,2023-05-13,2107,"Radko Gudas yells at Justin Woll after the OT goal
",Radko Gudas,1,-0.6
6605c90cc120fd154e5987f1,2022-10-20,1972,"Arber Xhekaj obliterates Zack Kassian
",Arber Xhekaj,1,-0.5
6605c90cc120fd154e598912,2023-04-24,1960,"Sam Bennett (FLA) spears prone, injured player in the groin
",Sam Bennett,1,-1
6605c90e246827bb4144fbd1,2024-02-12,1940,"‚ÄúMake hockey violent again‚Äù - Ryan Reaves
",Ryan Reaves,1,0
6605c90f7bcaf9812bb5efa0,2023-04-06,1925,"Girl gets Trevor Zegras signature tattooed on her. Puck bunnies are something else
",Trevor Zegras,1,0.2
6605c911c120fd154e598f92,2023-05-20,1894,"Jamie Benn is forced to sit on a barstool instead of the bench due to T-Mobile Arena‚Äôs bench layout.
",Jamie Benn,1,0
6605c9141ee4e9142a38c0dc,2021-05-04,1832,"The New York Rangers statement on Tom Wilson. They are asking for the head of DoPS job
",Tom Wilson,1,0
6605c9197bcaf9812bb60b78,2021-05-31,1779,"Evander on Ryan Reaves
",Ryan Reaves,1,0
6605c91a1ee4e9142a38caa5,2022-11-10,1774,"Brendan Gallagher‚Äôs least chaotic shiff
",Brendan Gallagher,1,0
6605c91b246827bb41450af3,2023-10-25,1768,"Horrible missed call on Jaden Schwartz throwing his stick last night
",Jaden Schwartz,1,-0.6
6605c91ccdb95ba420369979,2023-12-08,1755,"Austin Watson is fined $2,022.57 for shooting Jeremy Lauzon
",Austin Watson,1,-0.5
6605c922c120fd154e599e58,2023-10-11,1674,"Arber Xhekaj vs Ryan Reeves
",Arber Xhekaj,1,0
6605c9267bcaf9812bb61825,2023-12-06,1646,"Connor Bedard‚Äôs 1st shootout
",Connor Bedard,1,0
6605c928c85674b774136f1e,2023-10-08,1625,"TJ Oshies deletes Adam Fantilli
",Adam Fantilli,1,0
6605c929c120fd154e59a2f7,2021-10-18,1619,"Evander Kane‚Äôs vaccination card
",Evander Kane,1,0
6605c92dc120fd154e59a61c,2022-02-06,1590,"Connor Bedard vs Calgary
",Connor Bedard,1,0
6605c92fcdb95ba42036a847,2024-02-03,1565,"Nikita Kucherov fails passing challenge
",Nikita Kucherov,1,-0.6
6605c936cdb95ba42036af64,2023-03-28,1510,"Cale Makar and his 2018 teammates will not participate in the Olympics or IIHF until the investigation ends
",Cale Makar,1,0
66064221e0471e611165d6c5,2024-03-29,1,"Vincent Trocheck
",Vincent Trocheck,1,0
660642227bcaf9812b5dee7c,2024-03-29,6,"Son keeps laughing at Kaapo Kakko
I‚Äôm trying to teach my son about hockey. How do I get him to stop laughing every time the announcers say ‚ÄúKaapo Kakko‚Äù? (I mean I always thought his name sounded like my turn signal, so I‚Äôm not going to blame him; I just want to raise a better person than myself.)",Kaapo Kakko,1,0.1
660642221ede284eea5c21ac,2024-03-29,0,"Where does Auston Matthews rank in all time NHL players?
I feel like he is criminally underrated. I‚Äôve watched a lot of hockey live and nobody has ever impressed me more than Matthews.",Auston Matthews,1,1
6607955cb77f93c1276f8407,2024-03-30,1,"Connor Bedard Sherwood deal
Does anyone know what he was paid to sign with Sherwood or how long he is signed for? I haven‚Äôt been able to find any numbers.",Connor Bedard,1,0
6607955cda956841c2965250,2024-03-30,6,"Is this a naturally ""high-scoring era"" with more opportunities available, or are players just more skilled?
I've seen a lot of people take a bit away from high scorers like Conor McDavid etc. especially compared to older great players like Sidney Crosby, who never got over 120 points in a season, by saying that the eras are different and this is the highest scoring era we've ever seen and so this fact needs to be taken into account when comparing the players.

I don't mind taking that argument seriously if it's true, but what do you think?

Is there something to do with this era and the way that defenses etc. play that makes it easier to score?

Or have players just gotten more skilled at scoring?


I personally can't think of any reason why defenses would have gotten worse overall as the league developed so I have to assume it's the second, but if anyone thinks it's the first and would like to explain why, I'd be interested.",Sidney Crosby,1,0.1
6607955eeb57e49b51cea15c,2024-03-30,810,"Kaiden Guhle has been suspended 1 game for this slash
",Kaiden Guhle,1,-0.5
6607955e5b243a6e9a94d02d,2024-03-29,121,"Sidney Crosby is going to tie gretzky‚Äôs record of consecutive ppg seasons
Does this move the needle for any of you fellas who have Crosby outside of your top 5? Top 10?

What a crazy feet. I mean, that‚Äôs all time? 

Gretzky, Lemieux, Crosby? The big 3?",Sidney Crosby,1,0.8
6607955f7a997af2b750295b,2024-03-29,194,"[SN/Fox] Filip Hronek 'Rejected' $52 Million Extension by Canucks. RFA this Summer. What gives?
",Filip Hronek,1,-0.4
6607955fb77f93c1276f8551,2024-03-29,1196,"Trevor Zegras took out his frustration after taking a double-minor in the 3rd by smashing the penalty box camera. ‚ÄúHe‚Äôs got a lot to learn. That‚Äôs not a cool move‚Äù
",Trevor Zegras,1,-0.6
66079560b77f93c1276f85cc,2024-03-29,94,"[The Athletic] Brock Faber Expected to Sign Historic Contract Extension This Summer
",Brock Faber,1,1
6608e8bd02d175872b7e43ec,2024-03-31,0,"Hot take: this season exposed Sidney Crosby as someone who succeeds only against weaker quality of competition.
Take away his 3 Stanley Cups and you have a mediocre individual resume. The only reason he won 2 more Cups after 2009 was because the NHL wanted him to take back his golden boy status when Toews and Kane led the Blackhawks to 3 Cups in 6 years while Crosby and his Penguins have only won 1 Cup as the supposed next dynasty. Look who his team beat in the Finals: Sharks and Predators. Not exactly something to brag about when all the Cup winners since then have beaten way better teams: VGK, Bruins, Stars, Lightning that was supposed to threepeat and Panthers. Not counting the Canadiens in here because it was a fluke. Talk to me when Crosby can win in the playoffs by beating Shesterkin, Konecny, Matthews, McDavid, M. Tkachuk, Reinhart, Pastrnak, Mackinnon, Ovechkin, Pietrangelo to lead the Penguins to Stanley Cups.",Sidney Crosby,1,-0.8
6608e8beeb57e49b51efc2c4,2024-03-30,0,"Jamie Benn won the Art Ross Trophy with 87 points in 2015
I remember it like it was yesterday, and I actually felt very bad about it. Words can not describe how much funnier the NHL is to follow when it's during a high scoring era like we are seeing right now. For example, during the low scoring eras you never see people chasing scoring records. This season we have already seen several, MacKinnon going for the home streak record and McDavid going for the 100 assist mark (not a record but you get what I mean). Not to mention the games just being more fun to watch in general. Seeing multiple players with >1.5ppg is just objectively fun. It's insane how much more I enjoy following this NHL compared to the 2015 NHL.

It's so awesome that the NHL managed to pull of this transition. I can't stress this enough. How did they? Who and/or what deserves the credit?",Jamie Benn,1,0.5
6608e8c37b4e545a712300a0,2024-03-30,125,"Thoughts on ‚ÄòImmediately Dangerous‚Äô Ivan Demidov for Chicago at No. 2? Next Nikita Kucherov?
",Nikita Kucherov,1,0.5
660a3d225b243a6e9af11ff3,2024-03-31,4,"Adam Larsson was ejected for this elbow on Chris Tanev. agree with this call? yes or no?
",Adam Larsson,1,0
660a3d2489eec9bbeabfd7bf,2024-03-31,4,"Lightning Scratch Erik Cernak For ""Violating Team's Code' of Conduct""
",Erik Cernak,1,-0.6
660a3d2589eec9bbeabfd880,2024-03-31,0,"HBO Max mistake
Ah yes, Jason Robertson, my favorite seattle kraken player.",Jason Robertson,1,0.2
660a3d2689eec9bbeabfd8a9,2024-03-31,683,"Why is this not a shot on goal?
I‚Äôm kinda new to hockey and I had a parlay for Jason Robertson at +2.5 shots on goal.  He ended the night with 2 because this wasn‚Äôt counted. Do I just not know what a shot on goal is? Can someone help me understand?",Jason Robertson,1,0.1
660b5707afc67f58759dd2df,2024-04-01,64,"Ryan Hartman has been suspended for 3 games
",Ryan Hartman,1,-0.6
660b5709bf368264ce4e9621,2024-04-01,75,"Amazing drawing of Connor Bedard
https://x.com/aaron_airas/status/1774821440795066447?s=46",Connor Bedard,1,0.8
660b570aa521a7ebd5ab0660,2024-04-01,190,"Upcoming Milestones
Sidney Crosby is 4 assists away from becoming only the 14th player to get 1000 career assists.

Connor McDavid (643 assists) is 3 assists away from passing Bobby Orr who tragically retired while being just a bit older than McDavid is now. McDavid is at 639 games versus Orr's 657.",Sidney Crosby,1,1
660b570b63408d5d48b77c94,2024-04-01,0,"In the post 04-05 lockout era, there has never been a player as compelling to watch as Connor McDavid
Every time McDavid‚Äôs various accolades and success are discussed, there seems to be a contingent of fans who come out of the woodwork to compare him negatively to Sidney Crosby. Whether it‚Äôs ‚Äúhe doesn‚Äôt play defense‚Äù or ‚Äúhe doesn‚Äôt have any cup wins‚Äù there‚Äôs always a great deal of negativity when talking about his unrivaled domination of the game. 

 
Crosby is a top 5 all time player (IMO) but can anyone honestly say they enjoyed watching him play the game more than McDavid? Crosby is a tactical genius with elite talent in every facet of the game. He has the brain of a fighter pilot. 

 
McDavid is the jet. Watching him play the game on ‚Äúeasy mode‚Äù is more compelling than any hockey player in the post-lockout era. Maybe ever. 

 
Heck, Ovechkin was more compelling to watch then Crosby ever was. Can anyone honestly say they enjoy watching Crosby more than McDavid? I accept my downvotes and hate in advance",Sidney Crosby,1,-0.3
660d8a99d924f6d2eb28ee30,2024-04-03,2,"Ryan Hartman is a (suspended) genius. 'Hurting the team? That's out of my hands!'
",Ryan Hartman,1,0.2
660d8a99846b9313a8dfb805,2024-04-03,246,"Panthers' Aaron Ekblad Goes Hunting, Ends Up Re-Injured. Sheesh...
",Aaron Ekblad,1,-0.6
660d8a9bd924f6d2eb28f04c,2024-04-03,152,"Jeff Skinner has officially played 1000 games without playing a playoff game
",Jeff Skinner,1,-0.2
660d8a9e846b9313a8dfbc57,2024-04-02,679,"Jeff Skinner ü§ù Emily In Paris
",Jeff Skinner,1,0
660d8aa0d924f6d2eb28f4a2,2024-04-02,79,"[TSN] Jets' Cole Perfetti Drops Expletive During Intermission Interview, Immediately Regrets It
",Cole Perfetti,1,-0.4
660d8aa0858cbaa54a36e2c5,2024-04-02,0,"I had time tonight to think over Sidney Crosby.
Just as title says, I spent the night thinking about Crosby. Obviously, I am a Penguins fan. Seeing the Penguins play right now is a little disheartening \*Ã∂aÃ∂hÃ∂eÃ∂mÃ∂\*Ã∂ RÃ∂eÃ∂iÃ∂rÃ∂dÃ∂eÃ∂nÃ∂, but I've made it to the part of grief where I accept that they will be ass for the next while. Aside from that, the 3 Cups and 2007-2022 being playoff appearances DÃ∂oÃ∂nÃ∂'tÃ∂ bÃ∂rÃ∂iÃ∂nÃ∂gÃ∂ uÃ∂pÃ∂ 2Ã∂0Ã∂2Ã∂0Ã∂  and I have obviously been spoiled by this time during that time. Crosby tying a Gretzky record is feeling a little surreal right now. Thousands upon thousands of players have been in the NHL, and only ùòµùò∏ùò∞ have had 19 point-per-game seasons. I honestly don't know what to say, other than I will forever cherish the Cups and be a little shit and hate Sullivan and Reirden for whatever the Sam hell they did to this team. Hopefully Crosby just doesn't fall off a cliff next season, I really want to see him beat something from Gretzky that's pretty significant.",Sidney Crosby,1,0.6
660d8aa1846b9313a8dfbdb5,2024-04-02,0,"Blues are still in it
LA loses and St. Louis comes up with a big win to keep things interesting in the West. McDavid outperformed by Brayden Schenn.",Brayden Schenn,1,0.8
660d8aa1cdb2f3728e90ed7a,2024-04-02,1056,"Connor Bedard has the 4th worst +/- in the NHL at -39, ranked 909th out of 912 players
Source: https://www.espn.com/nhl/stats/player/_/view/skating/table/general/sort/plusMinus/dir/asc",Connor Bedard,1,-0.8
660d8aa1d924f6d2eb28f766,2024-04-02,0,"After a 3-point night, should Sidney Crosby be in the Hart Trophy conversation?
Based upon stats, there are certainly more compelling options.  However, in terms of importance to their team, it could be argued that no single player is contributing more to their team than Sidney Crosby.  As an example, if you compare where Edmonton would be without McDavid, Tampa without Kucherov, or Colorado without McKinnon, and juxtapose that with where Pittsburgh would be without Crosby, I think the argument is very strong.  The idea of Pittsburgh being within sniffing distance of a playoff spot like they currently are (if they didn't have Crosby) is frankly quite laughable.  This is not to say that he should win it, but I think you can make the case for him to be a finalist.  What do you think?

Edit:  Seems the general consensus is no.  Would your opinion be different if Pens somehow get into the playoffs and Sid recors points on some 60% of Pens goals through the end of the season?",Sidney Crosby,1,0.7
660f8e395b9561631fd230a9,2024-04-05,7,"Martin Pospisil gets ejected for an elbow on Josh Morrissey
",Martin Pospisil,1,-0.6
660f8e3c5b9561631fd232ca,2024-04-04,1491,"Nick Foligno‚Äôs sons at Blackhawks practice
",Nick Foligno,1,0
660f8e3ed5cbac890841d513,2024-04-04,1083,"Matt Rempe has completed the hattrick, he has been ejected in all 3 games he has played against the DevilsüòÇ
",Matt Rempe,1,-0.2
660f8e3f5b9561631fd2344c,2024-04-04,0,"Does anyone know if Dante Fabbro can speak Italian, considering his name is Italian through and through?
",Dante Fabbro,1,0
660f8e4043aab60037678630,2024-04-03,125,"What a MISSILE by Auston Matthews for his 63rd of the season. On pace for 70
",Auston Matthews,1,1
660f8e415b9561631fd2351f,2024-04-03,247,"Condolences to Boone Jenner
As someone who has also lost a child on the day of birth, I am saddened anytime this happens to anyone. I didn‚Äôt deal with my grief until it dealt with me years later. I hope the Blue Jackets offer him, his wife, and family all the time and support they are going to need. They are humans first and hockey players down the line.",Boone Jenner,1,-1
660f8e4163f0defdfbd7387e,2024-04-03,336,"Slafkovsky on Nick Cousins‚Äô cheapshot behavior
",Nick Cousins,1,-1
6610d505ecf4d0160a2a9cb1,2024-04-06,12,"Shane Wright scores back to back goals
",Shane Wright,1,1
6610d5065b9561631f777fa6,2024-04-06,25,"Zach Benson‚Äôs stick explodes as he tries to end the game with an empty netter
",Zach Benson,1,-0.2
6610d5074ad0f26c75e0d949,2024-04-05,55,"New Artemi Panarin reference just dropped
",Artemi Panarin,1,0
6610d50894d73d840565d302,2024-04-05,80,"Jonathan Drouin has officially crossed the 50 point threshold!
What a season for him as he has 51 points in 73 games (17 g, 34 a) with a +/- of 11. Who knows if he resigns with the team as he may have priced himself out of COL like Burakovsky, Kadri, Rodrigues in the past",Jonathan Drouin,1,0.8
6614dc8a9b0968b447f2ddea,2024-04-08,922,"Evander Kane fined $5000 for slashing
",Evander Kane,1,-0.6
6614dc8d9c4b5e9f0b688531,2024-04-07,0,"Could Ryan Reaves has whupped this guy's ass?
",Ryan Reaves,1,0
6614dc8d4ad0f26c7585e9f1,2024-04-07,14,"William Eklund scores OT GWG hattrick on hat night in San Jose
",William Eklund,1,1
6614dc8e9c4b5e9f0b6885f0,2024-04-07,155,"Brady Tkachuk sets record for most hits in 1 game [16]
",Brady Tkachuk,1,1
6614dc8e9b0968b447f2dfd5,2024-04-07,46,"Juraj Slafkovsky spectacular pass
",Juraj Slafkovsky,1,1
6614dc8f62576b69004bdbb3,2024-04-07,0,"Evan Bouchard is the worst player in the league
That‚Äôs all. How many giveaways can you count in a game?",Evan Bouchard,1,-1
6614dc8f0668543a4f0419c3,2024-04-07,4782,"Empty net etiquette expert Brady Tkachuk calmly explains the rules to the New Jersey Devils
",Brady Tkachuk,1,0.5
6614dc982e7759bb9b62b600,2024-04-06,260,"Defenseman Haydn Fleury & ref Steve Kozari down after collision
",Haydn Fleury,1,0
